{
	"主场数据":{
		"数据":{
			"Last Passes":8,
			"Assists":1
		},
		"一次触球后传球":{
			"Success %":0.6629213483146067,
			"Success":118,
			"Total":178
		},
		"球队名称":"延边富德",
		"传球":{
			"Success %":0.7675544794188862,
			"Success":317,
			"Total":413
		},
		"直塞球":{
			"Success %":0.7142857142857143,
			"Success":5,
			"Total":7
		},
		"禁区":{
			"中央成功":180,
			"防守成功率":"71.32%",
			"中央成功率":"81.45%",
			"进攻区域":63,
			"防守成功":92,
			"进攻成功率":"71.43%",
			"进攻成功":45,
			"防守区域":129,
			"中央区域":221
		},
		"距离":{
			"短传成功":194,
			"长传成功":24,
			"短传0-15m总计":236,
			"传球成功率":"81.82%",
			"长传成功率":"42.86%",
			"传球15-30m总计":121,
			"长传30m-总计":56,
			"传球成功":99,
			"短传成功率":"82.2%"
		}
	},
	"客场数据":{
		"数据":{
			"Last Passes":9,
			"Assists":1
		},
		"一次触球后传球":{
			"Success %":0.7043010752688172,
			"Success":131,
			"Total":186
		},
		"球队名称":"山东鲁能泰山",
		"传球":{
			"Success %":0.7569169960474308,
			"Success":383,
			"Total":506
		},
		"直塞球":{
			"Success %":0.8333333333333334,
			"Success":5,
			"Total":6
		},
		"禁区":{
			"中央成功":221,
			"防守成功率":"79.73%",
			"中央成功率":"78.65%",
			"进攻区域":151,
			"防守成功":59,
			"进攻成功率":"68.21%",
			"进攻成功":103,
			"防守区域":74,
			"中央区域":281
		},
		"距离":{
			"短传成功":200,
			"长传成功":47,
			"短传0-15m总计":250,
			"传球成功率":"78.61%",
			"长传成功率":"56.63%",
			"传球15-30m总计":173,
			"长传30m-总计":83,
			"传球成功":136,
			"短传成功率":"80.0%"
		}
	}
}