{
	"主场数据":{
		"数据":{
			"Last Passes":19,
			"Assists":2
		},
		"一次触球后传球":{
			"Success %":0.7103448275862069,
			"Success":103,
			"Total":145
		},
		"球队名称":"上海绿地申花",
		"传球":{
			"Success %":0.754874651810585,
			"Success":271,
			"Total":359
		},
		"直塞球":{
			"Success %":0.6666666666666666,
			"Success":10,
			"Total":15
		},
		"禁区":{
			"中央成功":145,
			"防守成功率":"77.5%",
			"中央成功率":"79.23%",
			"进攻区域":96,
			"防守成功":62,
			"进攻成功率":"66.67%",
			"进攻成功":64,
			"防守区域":80,
			"中央区域":183
		},
		"距离":{
			"短传成功":143,
			"长传成功":38,
			"短传0-15m总计":172,
			"传球成功率":"75.0%",
			"长传成功率":"56.72%",
			"传球15-30m总计":120,
			"长传30m-总计":67,
			"传球成功":90,
			"短传成功率":"83.14%"
		}
	},
	"客场数据":{
		"数据":{
			"Last Passes":8,
			"Assists":2
		},
		"一次触球后传球":{
			"Success %":0.6422018348623854,
			"Success":70,
			"Total":109
		},
		"球队名称":"江苏苏宁易购",
		"传球":{
			"Success %":0.6832579185520362,
			"Success":151,
			"Total":221
		},
		"直塞球":{
			"Success %":0.45454545454545453,
			"Success":5,
			"Total":11
		},
		"禁区":{
			"中央成功":78,
			"防守成功率":"68.75%",
			"中央成功率":"72.22%",
			"进攻区域":49,
			"防守成功":44,
			"进攻成功率":"59.18%",
			"进攻成功":29,
			"防守区域":64,
			"中央区域":108
		},
		"距离":{
			"短传成功":87,
			"长传成功":19,
			"短传0-15m总计":108,
			"传球成功率":"62.5%",
			"长传成功率":"46.34%",
			"传球15-30m总计":72,
			"长传30m-总计":41,
			"传球成功":45,
			"短传成功率":"80.56%"
		}
	}
}