{
	"主场数据":{
		"数据":{
			"Last Passes":4,
			"Assists":0
		},
		"一次触球后传球":{
			"Success %":0.5943396226415094,
			"Success":63,
			"Total":106
		},
		"球队名称":"河南建业",
		"传球":{
			"Success %":0.7392739273927392,
			"Success":224,
			"Total":303
		},
		"直塞球":{
			"Success %":0.6666666666666666,
			"Success":4,
			"Total":6
		},
		"禁区":{
			"中央成功":142,
			"防守成功率":"68.09%",
			"中央成功率":"79.78%",
			"进攻区域":78,
			"防守成功":32,
			"进攻成功率":"64.1%",
			"进攻成功":50,
			"防守区域":47,
			"中央区域":178
		},
		"距离":{
			"短传成功":113,
			"长传成功":32,
			"短传0-15m总计":146,
			"传球成功率":"72.48%",
			"长传成功率":"66.67%",
			"传球15-30m总计":109,
			"长传30m-总计":48,
			"传球成功":79,
			"短传成功率":"77.4%"
		}
	},
	"客场数据":{
		"数据":{
			"Last Passes":13,
			"Assists":1
		},
		"一次触球后传球":{
			"Success %":0.6384615384615384,
			"Success":83,
			"Total":130
		},
		"球队名称":"广州恒大淘宝",
		"传球":{
			"Success %":0.7621776504297995,
			"Success":266,
			"Total":349
		},
		"直塞球":{
			"Success %":0.6363636363636364,
			"Success":7,
			"Total":11
		},
		"禁区":{
			"中央成功":153,
			"防守成功率":"71.23%",
			"中央成功率":"79.69%",
			"进攻区域":84,
			"防守成功":52,
			"进攻成功率":"72.62%",
			"进攻成功":61,
			"防守区域":73,
			"中央区域":192
		},
		"距离":{
			"短传成功":155,
			"长传成功":27,
			"短传0-15m总计":198,
			"传球成功率":"79.25%",
			"长传成功率":"60.0%",
			"传球15-30m总计":106,
			"长传30m-总计":45,
			"传球成功":84,
			"短传成功率":"78.28%"
		}
	}
}