{
	"主场数据":{
		"数据":{
			"Last Passes":13,
			"Assists":1
		},
		"一次触球后传球":{
			"Success %":0.7650602409638554,
			"Success":127,
			"Total":166
		},
		"球队名称":"天津泰达亿利",
		"传球":{
			"Success %":0.850828729281768,
			"Success":462,
			"Total":543
		},
		"直塞球":{
			"Success %":0.5833333333333334,
			"Success":7,
			"Total":12
		},
		"禁区":{
			"中央成功":272,
			"防守成功率":"87.5%",
			"中央成功率":"88.31%",
			"进攻区域":147,
			"防守成功":77,
			"进攻成功率":"76.87%",
			"进攻成功":113,
			"防守区域":88,
			"中央区域":308
		},
		"距离":{
			"短传成功":226,
			"长传成功":37,
			"短传0-15m总计":259,
			"传球成功率":"87.67%",
			"长传成功率":"64.91%",
			"传球15-30m总计":227,
			"长传30m-总计":57,
			"传球成功":199,
			"短传成功率":"87.26%"
		}
	},
	"客场数据":{
		"数据":{
			"Last Passes":3,
			"Assists":2
		},
		"一次触球后传球":{
			"Success %":0.6403508771929824,
			"Success":73,
			"Total":114
		},
		"球队名称":"辽宁沈阳宏运",
		"传球":{
			"Success %":0.7183673469387755,
			"Success":176,
			"Total":245
		},
		"直塞球":{
			"Success %":0.3333333333333333,
			"Success":2,
			"Total":6
		},
		"禁区":{
			"中央成功":84,
			"防守成功率":"76.84%",
			"中央成功率":"67.74%",
			"进攻区域":26,
			"防守成功":73,
			"进攻成功率":"73.08%",
			"进攻成功":19,
			"防守区域":95,
			"中央区域":124
		},
		"距离":{
			"短传成功":77,
			"长传成功":14,
			"短传0-15m总计":110,
			"传球成功率":"85.0%",
			"长传成功率":"40.0%",
			"传球15-30m总计":100,
			"长传30m-总计":35,
			"传球成功":85,
			"短传成功率":"70.0%"
		}
	}
}